,sens_serv_promedio,sens_cons_promedio,sens_serv_burbuja,sens_cons_burbuja,sens_serv_saneo,sens_cons_saneo,sens_serv_actual,sens_cons_actual,ISC,Vanguardia,Gap_Institucional
0,1.766031212725672,-1.1820532319242933,1.8063925414330118,-1.0189007278333302,1.7324396843868286,-1.2938602683513853,1.742000790312007,-0.983881880805687,-0.3608114286381142,1.7677669529663682,0.6063390625908326
1,-0.47808705601108753,0.08675061422025267,-0.48509636589726246,0.09221364508979674,-0.4719226700601371,0.10327589395635445,-0.4703033142062285,-0.013165036510382873,0.02757457099825144,-0.35355339059327373,-0.1472537723434879
2,1.3951251459782275,2.3316510966893444,1.3721714982626456,1.7657111522428417,1.4095983276814312,2.435718289665178,1.3582440279511583,3.1359561535624185,0.6963902919388358,-0.35355339059327373,0.24253562503633297
