,pc_m_s,pc_r_s
0,1.3775828124390577,-1.6899181413996354
1,-0.9160473039822108,0.3908436602124931
2,0.4545117955253684,0.9082308209746501
