,sens_serv_promedio,sens_cons_promedio,sens_serv_burbuja,sens_cons_burbuja,sens_serv_saneo,sens_cons_saneo,sens_serv_actual,sens_cons_actual,ISC,Vanguardia,Gap_Institucional
0,1.7660312127256708,-1.1820532319242933,1.8063925414330106,-1.0189007278333302,1.7324396843868304,-1.2938602683513853,1.74200079031201,-0.9838818808056885,-0.3608114286381142,1.7677669529663689,0.6063390625908324
1,-0.4780870560110887,0.0867506142202527,-0.4850963658972637,0.09221364508979675,-0.47192267006013544,0.10327589395635449,-0.470303314206226,-0.013165036510384098,0.027574570998251502,-0.35355339059327384,-0.1472537723434879
2,1.3951251459782261,2.3316510966893444,1.3721714982626445,1.765711152242842,1.409598327681433,2.435718289665178,1.3582440279511612,3.1359561535624176,0.6963902919388358,-0.3535533905932738,0.24253562503633294
