Segmento (Cluster),Riesgo Final (IRT),Vulnerabilidad (IRT norm),Inercia (Alfa),Impacto Macro (n1xn3),Impacto Terri (n2xn3),Impacto Digital (Gamma),B.Estr (n1),B.Coyu (n1),B.Fin (n1),B.Lab (n1),B.Inmo (n1),B.Agr (n2),B.Ind (n2),B.Cons (n2),B.Serv (n2),ADN (n3)
C1_Base,0.2616850784475707,50.123638346752514,0.13009098989102136,0.087434634612043,0.044441068139096686,0.998925,0.3778277090768915,-0.2845229571964571,0.1167538767154792,-0.5046299955661345,0.4478520943127056,-1.064977627890187,0.8190465772637477,0.3453182807570145,-0.0214780665769895,0.5704215795941673
C1_Escudo,0.079587165813593,35.247496891833,0.15385304241135161,-0.09907410488383349,0.025846958580938835,0.9871166666666666,0.35745725903103703,-0.2768621624040024,0.1264789309645578,-0.4678826775735183,0.3917659532098165,-1.1535094501894934,0.9157070465515216,0.3141208932401259,-0.1104832998355803,-0.756537454894178
C0_Dinámico,-0.029854916537093195,43.42239984974398,0.3445632354304638,1.2583982996066658,-1.632225323056237,1.0202,0.3335467791637228,-0.2678700547559008,0.1378940304497289,-0.4247493150281454,0.3259330165463048,-1.233853244203971,1.0034276946993022,0.2858088534407772,-0.1912567205267601,12.012837860504181
C2_Extremo,-0.22413894239330884,0.0,0.0794400282501836,0.09403495386445113,-0.3920831381599959,1.0253,0.2943554782156298,-0.2531312289795018,0.1566043449962524,-0.3540500818132663,0.2180272594308476,-1.3300906767242953,1.1085012733162167,0.2518961156478423,-0.2880087686289756,1.5214590975860356
