R2_OLS (n1),R2_XGB (n1),gap R2 (n1),MAE_OLS (n1),MAE_XGB (n1),gap MAE (n1),Beta_Estr,Beta_Coyu,Beta_Fin,Beta_Lab,Beta_Inmo
0.7623917066206266,0.953887369281693,19.149566266106643,0.38720217940482626,0.19261053890423896,50.25582262984592,0.43473450302587224,-0.3540574928861938,-1.0756336655177707e-05,-0.6895196469552334,0.8032433138600518
0.7709955783550978,0.957283499956573,18.628792160147523,0.38720217940482626,0.18527454136416507,52.1504394296145,0.43473450302587147,-0.35405749288619376,-1.0756336655107224e-05,-0.6895196469552336,0.8032433138600508
0.7876980961945411,0.9564574464901457,16.875935029560463,0.3767151981348965,0.1845613253367185,51.00773044186296,0.41330909189537257,-0.38811665805140183,-0.06817922435946752,-0.7228226808924962,0.9181231224109201
0.7874910081253842,0.9705492111450112,18.305820301962704,0.35066983002779023,0.14858665829894835,57.62776105170695,0.38344173571361573,-0.4310343717344082,-0.15471661610121962,-0.761454978497928,1.0594369581829566
