cluster,n_grupos,Grupos_en_cluster,sens_serv_promedio,sens_cons_promedio,sens_serv_burbuja,sens_cons_burbuja,sens_serv_saneo,sens_cons_saneo,sens_serv_actual,sens_cons_actual,ISC,Vanguardia,Gap_Institucional
0,2,"Canarias, Cataluña",1.5234217534496635,0.14614156949997822,1.429584832677726,0.20691077063077823,1.1302169894498277,0.05581982386720005,0.7740818081003367,0.06708708000609381,0.2195,0.0,0.0
1,2,"Madrid, Ceuta_Melilla",1.7065223358613837,0.1334627767112232,1.6391180443013758,0.19136554540716716,1.2495605537721506,0.052454272934593704,0.8571773850173062,0.05912235306792868,0.226775,1.0,2.0
2,13,"Murcia, Asturias, CastillaLeon, Galicia, CastillaLaMancha, PaisVasco, Valencia, Aragon, Andalucia, Extremadura, LaRioja, Cantabria, Navarra",1.273754381139693,0.1675523108777029,1.188320394656071,0.233344031717801,0.9510540678296182,0.06638707505158226,0.6453541358418272,0.07521801696868541,0.2364038461538462,0.0,0.6923076923076923
3,1,Baleares,1.618800036903381,0.20946345811356554,1.5357242412423049,0.27593608840915984,1.1960598939061038,0.08421905976927133,0.8130260910075265,0.10932787383534609,0.24764999999999998,0.0,1.0
