cluster,n_grupos,Grupos_en_cluster,sens_serv_promedio,sens_cons_promedio,sens_serv_burbuja,sens_cons_burbuja,sens_serv_saneo,sens_cons_saneo,sens_serv_actual,sens_cons_actual,ISC,Vanguardia,Gap_Institucional
0,2,"Canarias, Cataluña",1.5234217534496635,0.14614156949997822,1.429584832677726,0.20691077063077823,1.1302169894498277,0.05581982386720005,0.7740818081003367,0.06708708000609381,0.2195,0.0,0.0
1,2,"Madrid, Ceuta_Melilla",1.7065223358613837,0.1334627767112232,1.6391180443013758,0.19136554540716716,1.2495605537721506,0.052454272934593704,0.8571773850173062,0.05912235306792868,0.226775,1.0,2.0
2,8,"Asturias, Murcia, Andalucia, Galicia, Extremadura, Valencia, CastillaLaMancha, Cantabria",1.3120920193559071,0.17620201494745402,1.2239338260865622,0.24938334383393237,0.9803391177279296,0.06885911749201827,0.6640704690153088,0.0778144521335445,0.23274375,0.0,0.375
3,5,"CastillaLeon, Aragon, LaRioja, PaisVasco, Navarra",1.2124141599937506,0.15371278436610109,1.131338904367285,0.2076811323319907,0.9041979879923197,0.06243180714688464,0.6154080027642569,0.07106372070491085,0.24226,0.0,1.2
4,1,Baleares,1.618800036903381,0.20946345811356554,1.5357242412423049,0.27593608840915984,1.1960598939061038,0.08421905976927133,0.8130260910075265,0.10932787383534609,0.24764999999999998,0.0,1.0
