Grupo_Manual,N.º Vars,Media_Arit,Mín_Abs,Máx_Abs,Mediana_Grup
Año,2007.0,1990.0,2024.0,2007.0,1
Crédito bancario por Sectores,226863.2622303885,-325034.72,2311532.23779958,36281.244,45
Crédito bancario por Territorios,26481.056648872178,0.0,446359.856,6161.5265,38
Créditos Dudosos (Mora),12024.824838081673,0.12,202734.23,1469.92225,36
Digitalización,210572.6682859754,119.52999999999156,2127574.01323,20012.697583,11
