Grupo_Manual,N.º Vars,Media_Arit,Mín_Abs,Máx_Abs,Mediana_Grup
Crédito bancario por Sectores,45,240838.84450039378,-37579.77685425989,2311532.23779958,43936.234
Crédito bancario por Territorios,38,30631.080955535388,8.39,446359.856,6713.5865
Año,1,2010.0,1996.0,2024.0,2010.0
