,C0_Dinámico,C1_Base,C1_Escudo,C2_Extremo
0. Escenario Base,-0.13587341659065166,0.07790916355358557,-0.03416481023342621,-0.25770205638921184
1. Shock Industrial,0.12927394975621276,0.2999367219073732,0.21046799606646038,0.03201806772223437
2. Crisis Inmobiliaria,-0.004794605204090363,0.23757508402402938,0.11051452474463597,-0.14291422910955376
3. Stress Test Severo,0.25078992511643583,0.4585287390489674,0.34962316605274335,0.13240545657044378
